path,label,video_id,half,frame
cache/cache_header/dummy_sample,0,dummy_video,1,100
cache/cache_header/dummy_sample,1,dummy_video,1,100
cache/cache_header/dummy_sample,0,dummy_video,1,100
cache/cache_header/dummy_sample,1,dummy_video,1,100
cache/cache_header/dummy_sample,0,dummy_video,1,100
cache/cache_header/dummy_sample,1,dummy_video,1,100
cache/cache_header/dummy_sample,0,dummy_video,1,100
cache/cache_header/dummy_sample,1,dummy_video,1,100
cache/cache_header/dummy_sample,0,dummy_video,1,100
cache/cache_header/dummy_sample,1,dummy_video,1,100
